poi_name,latitude,longitude,address,poi_type
Universal Beijing Resort,39.860990,116.687820,,attraction
The Palace Museum,39.924091,116.403414,,attraction
Badaling Great Wall,40.362639,116.024067,,attraction
National Museum of China,39.911449,116.408018,,attraction
Summer Palace,40.008817,116.280234,,attraction
Prince Gong's Mansion,39.943381,116.392599,,attraction
Temple of Heaven,39.889918,116.419289,,attraction
Old Summer Palace,40.016191,116.309736,,attraction
Mutianyu Great Wall,40.440146,116.575896,,attraction
Beijing Zoo,39.947726,116.342331,,attraction
Beijing Wildlife Park,39.502139,116.340954,,attraction
China Science and Technology Museum,40.012333,116.404938,,attraction
Olympic Park,39.999245,116.399206,,attraction
Tiananmen Square,39.910095,116.404091,,attraction
Yonghe Temple,39.953314,116.423776,,attraction
Bird's Nest (National Stadium),39.999285,116.402845,,attraction
Ming Tombs,40.263544,116.231846,,attraction
Shichahai,39.948373,116.391243,,attraction
National Natural History Museum,39.889596,116.406249,,attraction
Jingshan Park,39.932136,116.402966,,attraction
Military Museum of the Chinese People's Revolution,39.914968,116.330210,,attraction
Geological Museum of China,39.929388,116.378741,,attraction
Gubei Water Town,40.661046,117.284632,,attraction
Beijing Happy Valley,39.873868,116.501309,,attraction
Beijing Aquarium,39.950257,116.347445,,attraction
Beijing Planetarium,39.943008,116.343380,,attraction
National Centre for the Performing Arts,39.911230,116.396261,,attraction
Xiangshan Park,39.995693,116.194051,,attraction
Beihai Park,39.934167,116.395006,,attraction
Nanluoguxiang,39.943166,116.409500,,attraction
Juyongguan Great Wall,40.297394,116.078214,,attraction
Chaoyang Park,39.950002,116.489114,,attraction
POP MART City Land,39.948516,116.481208,,attraction
Water Cube (National Aquatics Center),39.999266,116.396829,,attraction
Beijing Grand View Garden,39.877081,116.362822,,attraction
Beijing Auto Museum,39.835043,116.308108,,attraction
World Park,39.816710,116.293772,,attraction
Qianmen Street,39.899651,116.404520,,attraction
Wangfujing,39.919790,116.418038,,attraction
Tiananmen Tower,39.915407,116.403865,,attraction
Lao She Teahouse,39.906052,116.399659,,attraction
Madame Tussauds Beijing,39.903663,116.404671,,attraction
Temple of Confucius and the Imperial Academy Museum,39.953111,116.420343,,attraction
Badaling Wildlife World,40.359586,116.001343,,attraction
Treasure Gallery of the Forbidden City,39.925979,116.406346,,attraction
Hall of Supreme Harmony,39.923657,116.403432,,attraction
Mao Zedong Memorial Hall,39.908876,116.404145,,attraction
Meridian Gate,39.920105,116.403705,,attraction
Pacific Underwater World,39.924905,116.312596,,attraction
798 Art District,39.991061,116.501104,,attraction
Tsinghua University Art Museum,40.007638,116.342234,,attraction
Central Radio & TV Tower,39.925494,116.313595,,attraction
Deyun Society Theater,39.890323,116.404395,,attraction
Mutianyu Great Wall Cable Car and Toboggan,40.437922,116.570303,,attraction
Yanqi Lake,40.403587,116.690837,,attraction
Former Residence of Soong Ching Ling in Beijing,39.951737,116.389564,,attraction
Water Cube Water Park,39.998775,116.396620,,attraction
Tanzhe Temple,39.911220,116.037620,,attraction
Huanghuacheng Water Great Wall,40.419287,116.307167,,attraction
Dashilan,39.901535,116.397634,,attraction
Bell and Drum Towers,39.948732,116.402360,,attraction
Drum Tower,39.946841,116.402370,,attraction
Beijing Olympic Tower,40.014691,116.400650,,attraction
Hongluo Temple,40.389488,116.634124,,attraction
Badachu Park,39.968352,116.189212,,attraction
Imperial Academy,39.953116,116.419591,,attraction
Museum of the Chinese People's Revolution,39.989186,116.397793,,attraction
Sanlitun,39.940602,116.458347,,attraction
Giant Panda Pavilion,39.945481,116.345810,,attraction
Fuguo Underwater World,39.933996,116.453669,,attraction
Longqing Gorge,40.557851,116.009343,,attraction
Dingling Tomb,40.300480,116.232421,,attraction
LEGOLAND Discovery Centre Beijing,39.930684,116.602649,,attraction
Simatai Great Wall,40.663649,117.292856,,attraction
Shijingshan Amusement Park,39.917840,116.215231,,attraction
Capital Museum,39.912283,116.349192,,attraction
Beijing Liu Laogen Grand Stage,39.899788,116.406961,,attraction
Hall of Prayer for Good Harvests,39.889922,116.419288,,attraction
Houhai,39.948183,116.394776,,attraction
Former Residence of Ji Xiaolan,39.896319,116.393561,,attraction
Guanfu Museum,40.013243,116.540404,,attraction
National Library of China,39.949689,116.329894,,attraction
National Art Museum of China,39.931462,116.415454,,attraction
Ditan Park,39.959692,116.419984,,attraction
China Rosewood Museum,39.916834,116.532527,,attraction
Beijing Labagou Primeval Forest Park,40.965737,116.495711,,attraction
Panjiayuan Antique Market,39.881199,116.465329,,attraction
Great Hall of the People,39.911394,116.400238,,attraction
Beijing Expo Park,40.450315,115.957449,,attraction
Jiugukou Nature Reserve,40.450379,116.668525,,attraction
World Flower Park,39.841376,116.359803,,attraction
Suspended Glass Art Museum,39.922161,116.418481,,attraction
Lugou Bridge,39.856421,116.228721,,attraction
Badaling Ancient Great Wall (Ruined Great Wall),40.356556,115.979423,,attraction
China Arts and Crafts Museum / China Intangible Cultural Heritage Museum,40.009944,116.404125,,attraction
teamLab Borderless,39.930772,116.524819,,attraction
Red Brick Art Museum,40.048543,116.506291,,attraction
National Speed Skating Oval,40.023485,116.384188,,attraction
Echo Wall,39.884433,116.419510,,attraction
Beijing Maya Beach Water Park,39.873927,116.500997,,attraction
Liangma River International Waterfront,39.955013,116.485426,,attraction
Wendu Water City · Water Dream Wonderland,40.110253,116.377085,,attraction
Yuyuantan Park,39.921950,116.329057,,attraction
China Film Museum,40.002800,116.526921,,attraction
CITIC Tower,39.922006,116.458637,,attraction
Baiyun Temple,39.906539,116.350119,,attraction
"Clock Gallery, Palace Museum",39.925225,116.405192,,attraction
Monument to the People's Heroes,39.910966,116.404165,,attraction
Grand Canal Museum,39.887286,116.723345,,attraction
Beijing Municipal Archives,39.890999,116.477648,,attraction
National Botanical Garden (Former Beijing Botanical Garden),40.008872,116.216152,,attraction
Future Water World,39.863532,116.692107,,attraction
Changling Tomb,40.306283,116.255634,,attraction
China Aviation Museum,40.192095,116.372885,,attraction
Xidan Commercial Street,39.917372,116.380941,,attraction
Kunming Lake,39.999894,116.278314,,attraction
Pofengling,39.709779,115.844270,,attraction
Baita Temple,39.930757,116.369903,,attraction
Longtan Zhonghu Park,39.882817,116.439721,,attraction
Shuiguan Great Wall,40.343181,116.044886,,attraction
Wudaoying Hutong,39.954871,116.415418,,attraction
Taoranting Park,39.880660,116.388442,,attraction
Beijing Qushui Lanting Spa,39.911218,116.511870,,attraction
National Zoological Museum,40.011196,116.392992,,attraction
Dongjiaominxiang,39.908930,116.417056,,attraction
Phoenix Center,39.940342,116.480337,,attraction
Beijing Working People's Cultural Palace,39.918736,116.406195,,attraction
Chaoyang Theatre Acrobatics,39.928194,116.468861,,attraction
Olympic Forest Park,40.025231,116.396800,,attraction
Zhoukoudian Peking Man Site Museum,39.693589,115.943241,,attraction
"Jinhai Lake, Pinggu, Beijing",40.187348,117.310896,,attraction
Seventeen-Arch Bridge,39.997000,116.283926,,attraction
National Museum of Chinese Writing,39.948853,116.330581,,attraction
Chengshi Avenue,39.855987,116.683649,,attraction
Yudu Mountain Scenic Area,40.558260,115.895804,,attraction
Beijing Xishan National Forest Park,39.982469,116.201277,,attraction
Yandai Xiejie,39.945443,116.400974,,attraction
Zhongshan Park,39.916729,116.400516,,attraction
Huguo Temple,39.941127,116.381757,,attraction
Leduogang Kale Planet,40.241035,116.196994,,attraction
Beijing Jinhai Lake Bibo Island Resort,40.173688,117.336098,,attraction
Ziyuwan Pier,39.950809,116.323237,,attraction
SOLANA Blue Harbor,39.955084,116.482406,,attraction
Old Beijing Hutou Tour,39.940188,116.396212,,attraction
Yeyahu National Wetland Park,40.414865,115.864833,,attraction
Jiankou Great Wall,40.449159,116.541112,,attraction
Galaxy SOHO,39.926610,116.439685,,attraction
Van Gogh Starry Sky Art Museum (Wangfujing Flagship Store),39.916613,116.418247,,attraction
Corner Tower,39.928846,116.407488,,attraction
Heping Guju,39.920345,116.416782,,attraction
Shidu Scenic Area,39.644148,115.606473,,attraction
Beijing International Flower Port,40.187688,116.803564,,attraction
Heilongtan Scenic Area,40.569355,116.793737,,attraction
Beijing Art Museum,39.952595,116.317868,,attraction
Chang'an Avenue,39.914246,116.415894,,attraction
Great Wall Man Viewing Platform,40.361940,116.016660,,attraction
Beijing Folklore Museum,39.929847,116.450503,,attraction
Beijing Lu Xun Museum (Beijing New Culture Movement Memorial Hall),39.931264,116.365030,,attraction
Tower of Buddhist Incense,40.005295,116.280371,,attraction
Beijing Fang,39.904283,116.402433,,attraction
"Marble Boat, Summer Palace, Beijing",40.004311,116.276081,,attraction
Circular Mound Altar,39.883274,116.419657,,attraction
Hall of Preserving Harmony,39.924779,116.403357,,attraction
Beijing Liyuan Theatre,39.892911,116.392263,,attraction
Beijing Ancient Architecture Museum,39.883595,116.398506,,attraction
Bell Tower,39.948395,116.402205,,attraction
Zizhuyuan Park,39.948517,116.326003,,attraction
Baipu Temple,40.124144,115.927283,,attraction
Temple of the Emperors,39.930766,116.373959,,attraction
Yinshan Pagoda Forest,40.320994,116.335118,,attraction
COFCO Xiangyun Town,40.095847,116.543123,,attraction
Gate of the Imperial Ancestral Temple,39.916065,116.404527,,attraction
Hall of Central Harmony,39.924221,116.403387,,attraction
Shenlu Scenic Area,40.260807,116.230180,,attraction
Nangong Tourism Resort,39.812650,116.161143,,attraction
Jietai Temple,39.876730,116.092996,,attraction
Imperial Garden,39.927608,116.403161,,attraction
National Botanical Garden South Garden,39.996967,116.217629,,attraction
Tongzhou Canal Park,39.882400,116.748887,,attraction
Tongzhou Canal Cruise,39.913558,116.693871,,attraction
China Customs Museum,39.913052,116.439290,,attraction
Shilin Gorge,40.268794,117.248510,,attraction
Beijing Wenyu River Park,40.081409,116.471027,,attraction
Ming City Wall Ruins Park,39.907202,116.434388,,attraction
Beijing (Tongzhou) Grand Canal Cultural Tourism Scenic Area,39.920126,116.674080,,attraction
Qinglianggu Scenic Area,40.639741,116.760481,,attraction
Zhoukoudian Peking Man Site Park,39.696128,115.937405,,attraction
Beijing Exhibition Center,39.946119,116.350668,,attraction
Yalugu Tropical Botanical Garden,39.664878,116.600490,,attraction
Beijing City Library,39.889043,116.721152,,attraction
Nangong Wuzhou Botanical Garden,39.799936,116.160942,,attraction
Sanlitun Bar Street,39.939886,116.462197,,attraction
Longtan Park,39.884624,116.446425,,attraction
Decepticons Roller Coaster,39.863491,116.686724,,attraction
751 Alive 3D Museum,39.990110,116.507681,,attraction
Wangjing SOHO,40.002211,116.487288,,attraction
Lishugou Leisure Valley,40.295044,117.257046,,attraction
Eight Great Hutongs,39.898892,116.398954,,attraction
Peking University,39.997899,116.316801,,attraction
Beijing Confucius Temple,39.952772,116.420854,,attraction
China National Convention Center,40.006295,116.396466,,attraction
Beijing Blue Note Manor,39.971790,116.617844,,attraction
Shougang Industrial Heritage Park,39.915904,116.170035,,attraction
Jingdong Grand Cave,40.218624,117.260596,,attraction
Shichahai Cruise,39.941419,116.399258,,attraction
Wangfujing Catholic Church,39.923646,116.418472,,attraction
Palace of Heavenly Purity,39.926469,116.403275,,attraction
Stone Carving Art Museum,39.950594,116.336751,,attraction
Huaxi Live · Wukesong,39.916725,116.283811,,attraction
Baili Landscape Gallery,40.666026,116.257788,,attraction
Millennium Monument of the People's Republic of China,39.917371,116.327863,,attraction
Changyu Aifeibao Winery,40.382065,116.908180,,attraction
Lao She Memorial Hall,39.924948,116.414815,,attraction
Jurassic World Adventure,39.862291,116.689723,,attraction
Aipailang Creativity Park,39.876917,116.745985,,attraction
Yunju Temple,39.615247,115.780384,,attraction
China Numismatic Museum,39.908529,116.401379,,attraction
Nanchizi Art Museum,39.919969,116.409785,,attraction
Shijia Hutong,39.924567,116.430740,,attraction
Mirage Space Super Metaverse (Beijing Store),39.905859,116.424056,,attraction
Beijing Fenghuangling Scenic Area,40.111966,116.091763,,attraction
Jingdong Grand Canyon,40.251256,117.180659,,attraction
Palace of Perpetual Bliss,39.926730,116.405073,,attraction
Beijing Zoo Cruise Pier,39.948889,116.346669,,attraction
China Railway Museum Dongjiao Branch,40.004012,116.522737,,attraction
China Railway Museum Zhengyangmen Branch,39.906110,116.406489,,attraction
Xishiku Catholic Church,39.931328,116.385221,,attraction
Beijing Police Museum,39.908366,116.411541,,attraction
Beiding Niangniang Temple,39.996480,116.396595,,attraction
Gate of Divine Prowess,39.928690,116.403240,,attraction
Qinglong Lake Park,39.802592,116.094874,,attraction
China Paleontological Museum,39.943187,116.340639,,attraction
Beijing Qibo Snow World,40.206053,116.667894,,attraction
Poly Art Center,39.930097,116.416887,,attraction
Tianning Temple Pagoda,39.900389,116.352581,,attraction
Manchester United Dream Theater,39.903746,116.401072,,attraction
Memorial Hall of the Chinese People's War of Resistance Against Japanese Aggression,39.857778,116.232491,,attraction
Beijing International Convention Center,39.995704,116.408757,,attraction
Beijing-Hangzhou Grand Canal,39.911309,116.695847,,attraction
Palace of Earthly Tranquility,39.927103,116.403248,,attraction
Cable Car,40.363162,116.022042,,attraction
Yangmeizhuxie Street,39.902577,116.400637,,attraction
Hongci Guangji Temple,39.930786,116.378703,,attraction
Beijing Arts and Crafts Museum (Beitou Sinoma Shopping Center Store),40.005720,116.400322,,attraction
Tank Museum,40.169422,116.138680,,attraction
Yexian Pagoda Scenic Area,40.407722,116.873395,,attraction
Suzhou Street,39.991011,116.312016,,attraction
Summer Palace Ice and Snow Carnival,39.993340,116.270413,,attraction
Luo Hong Photography Art Museum,40.048705,116.580910,,attraction
Five Pagoda Temple Pagoda,39.950627,116.336963,,attraction
Beijing Yanqing Olympic Sports Park,40.528801,115.797049,,attraction
Wanshou Temple,39.953365,116.318600,,attraction
Imperial Vault of Heaven,39.884764,116.419545,,attraction
Yunmeng Mountain Scenic Area,40.552925,116.824994,,attraction
Summer Palace Museum,40.003191,116.287140,,attraction
China Children's Center - Children's Exploration Hall,39.939742,116.368001,,attraction
Shijia Hutong Museum,39.924292,116.428906,,attraction
Guyaju Scenic Area,40.468621,115.782230,,attraction
Beijing Yanqi Lake Xishan Trail,40.389306,116.653154,,attraction
Baili Landscape Gallery - Dishuihu,40.689476,116.471173,,attraction
Dangdang Car Tour of Beijing Central Axis,39.904787,116.403994,,attraction
Sanqing Garden,39.902184,116.403236,,attraction
Western Mansions Ruins Scenic Area,40.019733,116.319112,,attraction
Yuetan Park,39.922319,116.358846,,attraction
Legu Yintan Scenic Area,39.623508,115.674467,,attraction
Beijing Tongzhou District Museum,39.914110,116.673882,,attraction
Dashufa,40.019363,116.319222,,attraction
Beijing Science Center,39.976432,116.399187,,attraction
China Garden Museum,39.885345,116.183848,,attraction
Beijing Erguotou Liquor Museum,40.332082,116.671525,,attraction
Ritan Park,39.921337,116.450440,,attraction
Today Art Museum,39.905621,116.474333,,attraction
Beijing Back Garden (Baihu Jian) Scenic Area,40.133592,116.105074,,attraction
Crazy Ma Ji,39.805882,116.522533,,attraction
China Civil Aviation Museum,40.024077,116.544510,,attraction
Shougang Blast Furnace 1 · SoReal Sci-Fi Park,39.926632,116.163968,,attraction
CITIC Securities Tower,39.956053,116.474504,,attraction
Tsinghua University,40.005106,116.342192,,attraction
Shenlueshu,39.885159,116.411096,,attraction
Exhibition Hall of the History of the Communist Party of China,40.010180,116.405844,,attraction
Beijing Workers' Stadium,39.937016,116.453576,,attraction
Nanhaizi Park,39.779483,116.475610,,attraction
Badaling National Forest Park,40.350587,116.035858,,attraction
The Road to Revival Exhibition Hall,39.911358,116.407945,,attraction
Shenghuatun Night Market,39.883025,116.545695,,attraction
Children's Science Park (China Science and Technology Museum Branch),40.012682,116.404705,,attraction
Taihe Gate,39.921716,116.403553,,attraction
Old Beijing Style Street,39.918130,116.415665,,attraction
Beijing Huode Zhenjun Temple,39.943353,116.401949,,attraction
Yuan Dynasty Capital City Wall Ruins Park,39.982410,116.415950,,attraction
Meet the Museum · Beijing 798 Branch,39.990209,116.501157,,attraction
Renshou Hall,40.004104,116.286464,,attraction
China Soong Ching Ling Youth Science and Technology Cultural Exchange Center,39.917764,116.322230,,attraction
Shidu Juma Paradise,39.640744,115.601207,,attraction
Dajue Temple,40.058632,116.113289,,attraction
Academy of Fine Arts Museum,39.989839,116.471944,,attraction
Longmenjian Scenic Area,40.028529,115.567102,,attraction
China Puppet Theatre,39.974486,116.407764,,attraction
Zhaoling,40.296831,116.224533,,attraction
Ruien Town,40.103957,116.564571,,attraction
Xihuang Temple,39.969642,116.396846,,attraction
Fahai Chan Temple,39.947874,116.165922,,attraction
Linglong Tower,40.003685,116.400415,,attraction
Guixiaoshi,39.985291,116.193966,,attraction
Cining Palace,39.925346,116.400888,,attraction
China Overseas Chinese History Museum,39.949017,116.431562,,attraction
Haituo Mountain,40.565448,115.826677,,attraction
Nine-Dragon Wall,39.938134,116.393984,,attraction
Miyun Reservoir,40.523288,116.920432,,attraction
Junwang Mansion,39.939857,116.492899,,attraction
Aojia Art Museum,39.946317,116.454673,,attraction
Dajiang Hutong,39.901462,116.406067,,attraction
Grand Canal Forest Park,39.882386,116.748895,,attraction
Beijing Drama Carnival,39.991143,116.503402,,attraction
Taoranting Park Ice Rink,39.880067,116.390070,,attraction
Olympic Water Park,40.187846,116.699695,,attraction
Baoyan Paradise (Dahongmen Branch),39.840015,116.394945,,attraction
Qingyan Boat,40.004307,116.276083,,attraction
Yaji Mountain,40.279898,116.975711,,attraction
Beijing Ancient Observatory,39.913502,116.441237,,attraction
Huguang Guild Hall,39.894984,116.390322,,attraction
Lianhuachi Park,39.898300,116.319451,,attraction
Baoguo Temple,39.896830,116.366124,,attraction
Xiushui Street,39.917614,116.445496,,attraction
Beihai Park Cruise,39.933685,116.397817,,attraction
HI-Fun Competitive Theme Park,39.915878,116.285845,,attraction
Lotus Market,39.940668,116.398041,,attraction
Grand Canal Source Ruins Park,40.200992,116.264150,,attraction
Summer Palace - Shipyard,40.006260,116.275397,,attraction
CCTV Headquarters,39.923542,116.471357,,attraction
Beiwu Park,39.993037,116.263064,,attraction
Dinosaur Park,39.889602,116.406452,,attraction
Zhan Tianyou Memorial Hall,40.364345,116.013297,,attraction
Qianqing Gate,39.925575,116.403468,,attraction
Dongsi Hutong Museum,39.933555,116.426715,,attraction
Club Med Joyview Beijing Yanqing,40.463240,115.820770,"No. 66 Gulong Road, Zhangshanying Town, Yanqing District, Beijing, China",hotel
Ji Hotel Beijing Sanlitun Taikoo Li,39.934400,116.448000,"Building 1, No. 55 Xingfu Yicun, Chaoyang District, Beijing",hotel
Ji Hotel Beijing Zhongguancun University of Science and Technology,39.992100,116.369000,No. Jia 8 Zhixin East Road,hotel
Ji Hotel Beijing Asian Games Village Bird's Nest,39.993900,116.427000,"4th Floor, Kaijilun Building, No. 3 Xiaoying East Road, Chaoyang District, Beijing",hotel
Ji Hotel Beijing Qianmen Courtyard,39.894600,116.407000,"No. 33 Beilucaoyuan Hutong, Dongcheng District, Beijing",hotel
Ji Hotel Beijing Shilihe,39.867700,116.458000,"Room 186, 1st Floor, Building C, North Side, East Entrance of Zu'anmen East Road, Chaoyang District, Beijing",hotel
Ji Hotel Beijing Nanluoguxiang Andingmen Metro Station,39.945500,116.406000,"No. Jia 11 Cheniandian Hutong, Inside Andingmen, Dongcheng District, Beijing",hotel
Ji Hotel Beijing Guomao,39.902800,116.473000,"No. Jia 12 Xidawang Road, Chaoyang District, Beijing",hotel
Ji Hotel Beijing Tongzhou Songzhuang Anzhen Hospital,39.946800,116.724000,"No. 47 East Xusong Road, Xiaobao Village, Songzhuang Town, Tongzhou District, Beijing",hotel
Century Golden Resources Xiangshan Business Hotel Beijing,39.991396,116.202953,No. 59 Beizhenghuangqi,hotel
CITIC Jinling Hotel Beijing,40.311076,117.101383,"No. Jia 1 Xiyu, Dahua Mountain Town, near Pinggu Xiyu Water Park",hotel
Atour Hotel Beijing Zhongguancun Yongfeng Base,40.081823,116.229852,"Building 29, Courtyard 5, Fengrun Middle Road",hotel
Lebuo Marriott Hotel Beijing,40.232499,116.188641,"No. 29 Nankou Road, Chengnan Street",hotel
Atour Hotel Beijing Yizhuang Mobile Silicon Valley,39.785778,116.582448,"West Gate, Courtyard 6, Kegu Second Street, Beijing Economic-Technological Development Area, Yizhuang, Beijing",hotel
Gubei Water Town Grand Hotel Beijing,40.644311,117.269432,"Simatai Area, Gubei Water Town Tourism and Resort Scenic Area",hotel
Atour Hotel Beijing You'anmen West Tietying Metro Station,39.858132,116.354637,"Building A, New Era International Center, Building 1, Courtyard 5, Fuyi Street",hotel
Beijing Harry Potter Aoligei Homestay,39.875934,116.697119,Beijing Tongzhou Ziyouzhu - Phase 3 Ziyouzhu Phase 3 (Please contact the landlord for the detailed address),hotel
Atour Hotel Beijing Guomao Shuangjing,39.890911,116.461003,"No. 5 East 3rd Ring South Road, Chaoyang District, Beijing, China",hotel
Hampton by Hilton Beijing Guomao Business District,39.908560,116.521174,No. 37 Jianguo Road,hotel
Atour Hotel Beijing Guomao Chaoyang Joy City,39.918994,116.513625,"No. 57 Ganluyuan, Chaoyang District, Beijing",hotel
Hilton Beijing Daxing,39.768750,116.339146,"Building 18, Gaomidian Nanli, Daxing District, Beijing, China",hotel
Fairfield by Marriott Beijing Daxing Airport,39.525579,116.409947,"Building 3, Courtyard 6, Yuanjing West Second Road, Daxing District, Beijing",hotel
Radisson Blu Hotel Beijing Daxing Airport,39.525658,116.413190,"Building 4, Courtyard 2, Yuanjing West Second Road",hotel
Beijing Dayue Hotel,39.910967,116.373479,No. Yi 131 Xidan North Street,hotel
Atour X Hotel Beijing Dacheng Road PLA General Hospital 301,39.888685,116.272711,"Building 1, Courtyard 6, Dacheng Road, Fengtai District, Beijing",hotel
Hilton Garden Inn Beijing Tiantan East Gate Station,39.883391,116.433820,"No. 3 Zu'anmen Inner Street, Dongcheng District, Beijing",hotel
Marriott Hotel Beijing Yanqing,40.476067,115.983884,"Courtyard 92, Xincheng Street, Yanqing District",hotel
Atour Hotel Beijing Chaoyang Wangjing SOHO,39.989343,116.476707,"No. 610 Wangjingyuan, Chaoyang District, Beijing",hotel
Atour Hotel Beijing Happy Valley Scenic Area Metro Station,39.867065,116.501330,"Building Jia 1, Courtyard 2, Wanli Center, Jincan North Road, Chaoyang District, Beijing",hotel
Beijing Shuicheng Yipiao Private Hot Spring Resort Hotel,40.102522,116.371229,"20 meters south of Kangxi Palace, Hongfu Street",hotel
Hilton Beijing Wangfujing,39.914538,116.413536,"No. 8 Wangfujing East Street, near Macau Center and Peninsula Hotel.",hotel
Rose Star Moon Select Hotel Beijing (Jiugong Yinghai Metro Station Branch),39.762948,116.450828,"Room 201, 2nd Floor, Building 1, Courtyard 8, Yingji Street; Room 211, 2nd Floor, Building 5 (Next to Yinghai Metro Station), Daxing District, Beijing",hotel
Beijing Cuihu Garden Hotel,40.112365,116.204964,"No. 8 Cuihu Road, Shangzhuang Town",hotel
Beijing West Guomao Grand Hotel,39.855607,116.308886,No. 16 Fengguan Road,hotel
Homewood Suites by Hilton Beijing West Railway Station,39.888859,116.321479,"No. 2 Xizhan South Road, Fengtai District, Beijing",hotel
Hualing Natural Promise Hotel (Chaoyang Joy City Qingnianlu Metro Station Branch),39.920372,116.523057,"Room 106, Ground Floor Commercial Space, Building 2, South Zone, Swan Bay, Yacheng Sanli, Ganlu Yuan Middle Street, Chaoyang District, Beijing",hotel
Elan Hotel - Beijing Jianguomen Branch,39.907091,116.443966,"Elan Hotel (Beijing Jianguomen Branch), Jianhua South Road, Jianwai Subdistrict, Chaoyang District, Beijing",hotel
Jiffy International Hotel (Beijing New National Convention Center Li Auto R&D Headquarters Branch),40.147076,116.553454,"Courtyard 1, Building 95, Zhangxizhuang Section, Shunsha Road",hotel
Home Inn Select Beijing Universal Resort Songzhuang Branch,39.943503,116.723803,"Home Inn Select Hotel, Building 3, Courtyard 3, South of Xiaobao Village, Tongzhou District, Beijing",hotel
CitiGO Hotel (Beijing South Railway Station Majiapu Road Branch),39.847955,116.379932,"1st Floor, Building 26, No. 122 Majiapu Road, Fengtai District, Beijing",hotel
Orange Hotel Beijing Qianmen Street,39.890300,116.392000,"No. 131 Zhushikou West Street, Xicheng District, Beijing",hotel
Orange Hotel Beijing South Railway Station,39.863783,116.385804,"No. 12 Majiapu Road, Fengtai District, Beijing",hotel
Orange Hotel Beijing Temple of Heaven North Gate Qiaowan Subway Station,39.890800,116.408000,"No. 38 Xixiaoshi Street, Dongcheng District, Beijing",hotel
Orange Hotel Beijing Temple of Heaven,39.866966,116.422194,"Building 1, Courtyard 9, Pufang Road, Fengtai District, Beijing",hotel
Orange Hotel Beijing Tiananmen Dashilan,39.895744,116.394075,"No. 11 West Street, Dashilan Subdistrict",hotel
Orange Hotel Beijing Wangfujing,39.918800,116.413000,"No. 57 Dengshikou Street, Dongcheng District, Beijing",hotel
Orange Hotel Beijing Shijingshan Baguoyuleyuan,39.920499,116.205539,"Partial 1st Floor and Entire Floors 3-10, Building 3, Jindu Building, No. 25 Bagu East Street",hotel
Hanting Hotel Beijing Convention Center Wangjing Laiguangying,40.022800,116.449000,No. 18 Laiguangying West Road,hotel
Hanting Hotel Beijing Chaoyang Railway Station (Former Chaoyang Park Bridge East Branch),39.936047,116.502811,"No. 1 Jia, Shifoying Dongli, Chaoyang District, Beijing",hotel
Hanting Hotel Beijing Xidan Center,39.912500,116.377000,"No. 71 Jia, Taipu Si Street, Xicheng District, Beijing",hotel
Qiu Guo Hotel Smart Selection (Beijing Beiqijia Wendu Water City Branch),40.100075,116.366817,"No. 1, Building 8, Courtyard 10, Hongfu, Beiqijia Town",hotel
Meipeng Light Luxury Hotel (Beijing Fatou Subway Station Branch),39.857450,116.514365,"No. 19, No. 285 Fatou Road, Chaoyang District, Beijing",hotel
Jinjiang Inn Beijing Wangfujing Pedestrian Street,39.918908,116.412248,No. 75 Dengshikou Street,hotel
Jinjiang Inn Beijing Capital International Airport New National Convention Center Subway Station,40.062471,116.587459,"14th Floor, Building 1, Courtyard 1, Fuqian Second Street, Tianzhu Town, Shunyi District, Beijing",hotel
Jinjiang Inn (Beijing Chaoyang North Road Caofang Subway Station Branch),39.925024,116.619785,"1st and 2nd Floors, Building 1, Comprehensive Building, 200m South of Caofang Subway Station East, Changying Hui Ethnic Township, Chaoyang District, Beijing",hotel
Cool Car Trendy American Restaurant (Beitou Xin'ao Shopping Center Branch),40.001815,116.394743,,restaurant
Goose Island Taproom (Beichen Hui Branch),40.004480,116.387388,,restaurant
COMMUNE·X Illusionist (Sanlitun Taikoo Li South Branch),39.934918,116.454906,,restaurant
Tongshenghe Community Canteen Elderly Dining Hall,39.906040,116.516907,,restaurant
He Space,39.986777,116.497291,,restaurant
Beiping Garden (Tiananmen Branch),39.898039,116.395566,,restaurant
Beidahuang Restaurant (Anhui Dongli Branch),39.991948,116.421002,,restaurant
Pinweixiang Restaurant,45.759861,126.635958,,restaurant
Jinshoushao (Qianmen Branch),39.893417,116.388955,,restaurant
Anpingli Restaurant (Liulichang Cultural Street Branch),39.896365,116.383487,,restaurant
Yebozhai Imperial Vegetarian,39.948362,116.413730,,restaurant
Yixiu Fang Restaurant · Cantonese Cuisine · Roast Duck (Xizhimen Branch),39.937059,116.340791,,restaurant
Beijing Olympic Tower Sky Restaurant,40.007949,116.394113,,restaurant
Taihe Wanwu Vegetarian Restaurant,39.907635,116.441992,,restaurant
Yuexiu Xuan Chinese Restaurant,39.999089,116.386255,,restaurant
Jiayuan Hotel,22.535872,114.058156,,restaurant
Jiuruli Restaurant (Huancheng Fang Branch),34.275398,108.969882,,restaurant
Wenxin Renjia Restaurant,40.456685,115.801219,,restaurant
Renmin Gongshe Tie Fanwan (Lianhuachi Branch),39.891574,116.307082,,restaurant
Miao Jiapo Baozi Shop (Chengxian Street Branch),39.944925,116.408601,,restaurant
Jindou Restaurant,39.899020,116.393858,,restaurant
Yuanwei Northwest Restaurant (Zhonghe Zhongyuan Branch),39.993991,116.366333,,restaurant
Lijiang Banquet (Hongshan Jiayuan Zone K Branch),39.869101,116.451242,,restaurant
Swan Lake Restaurant,39.941829,116.340678,,restaurant
Fengrui Hotel Restaurant,39.946511,116.358863,,restaurant
Rainforest Restaurant,40.649386,117.272924,,restaurant
Mo Jie Restaurant Sichuan-Hunan Cuisine,39.877240,116.701404,,restaurant
Ganluyuan Convenience Restaurant (Ganluyuan Nanli Zone 2 Branch),39.912617,116.516524,,restaurant
Xiao Fanguan Da Chushi,39.916647,116.515442,,restaurant
Dongfa Dao Tea & Ice Hall (Xidan Joy City Branch),39.910702,116.373112,,restaurant
Nancheng Xiang (Meishikou Branch),39.880632,116.271846,,restaurant
Nuoya Restaurant,39.895318,116.397724,,restaurant
Jingshuju Restaurant,39.883071,116.434363,,restaurant
Huanxi Curry Restaurant (Beichen Hui Branch),40.003699,116.387849,,restaurant
Xingfu Linli Restaurant,39.943592,116.520437,,restaurant
Wufu Xiang Manlou,40.101095,116.373587,,restaurant
Qin Renju Restaurant (Daxing Yinghai Branch),39.762809,116.450007,,restaurant
Longhong Restaurant,39.933970,116.388425,,restaurant
Chatang Li Jingwei Restaurant (Gulou Branch),39.940706,116.403993,,restaurant
Airport Restaurant (Terminal 1 Branch),34.443269,108.764500,,restaurant
Xinhe Xiaoguan · 20-Year Old Shop (Beixinqiao Branch),39.943188,116.416580,,restaurant
Huiyuan Restaurant,39.994536,116.406367,,restaurant
Beijing Academy of Social Sciences Restaurant,39.989342,116.385246,,restaurant
Green Tea Restaurant (Beijing Longhu Xingyue Hui Branch),39.998068,116.289861,,restaurant
China Eastern Preferred Restaurant (China Eastern Crew Dormitory Branch),39.526675,116.421725,,restaurant
Gangyuan Restaurant (Baiguang Road No. 6 Courtyard Branch),39.887308,116.360195,,restaurant
Shenzhen Airport Staff Restaurant,22.626255,113.814463,,restaurant
Bo'ai Hospital Nutrition Restaurant (Kangcan Fang),39.848948,116.377127,,restaurant
Yuanhui Shifu (Haoheng Building Branch),40.227267,116.226898,,restaurant
Shatan Restaurant,39.925352,116.403318,,restaurant
Jingfu Restaurant (Dashilan West Street Commercial Branch),39.893896,116.390485,,restaurant
Beijing Oriental Hotel · Weidao 1918 Restaurant,39.888057,116.389629,,restaurant
Xiluoyuan Elderly Restaurant (Xiluoyuan Community 4 Branch),39.863266,116.389969,,restaurant
Hutong Xiaochuan (Puhuangyu Branch),39.869865,116.420121,,restaurant
Pinwei Restaurant,39.896782,116.394354,,restaurant
Green Tea Restaurant (Beijing Intime IN88 Branch),39.916285,116.411819,,restaurant
Ai Zhuanjiao Guochuang Restaurant (Guochuang Industrial Park Branch),40.022516,116.453711,,restaurant
Green Tea Restaurant (Xidan Galeries Lafayette Branch),39.913936,116.375178,,restaurant
Jinliang Restaurant,22.609729,114.031778,,restaurant
Tsinghua University Heyuan Restaurant,40.002773,116.321093,,restaurant
Jiefang Hotel Chinese Restaurant,34.275565,108.963258,,restaurant
Yamei Restaurant (Zhenwumiao Sili Branch),39.903774,116.346399,,restaurant
Shanglin Garden No. 89 Tea Restaurant,39.887645,116.273277,,restaurant
Guofeng Family Restaurant (Bird's Nest View Branch),39.992725,116.395475,,restaurant
Wangxiangyan Courtyard Restaurant · 798 Living Room (Jiuxianqiao · Wangjing Branch),39.980125,116.496768,,restaurant
Qishiwai Restaurant,40.469079,115.810675,,restaurant
Backyard Restaurant (Lianhuachi Xili Branch),39.891640,116.308585,,restaurant
Tangchu (Wudaoying Branch),39.948338,116.414674,,restaurant
Juqi (Qianmen Branch),39.897718,116.397016,,restaurant
Jingcheng Xiaoyuan Hutong Cuisine Terrace Bistro,39.938065,116.379287,,restaurant
Sheng Yongxing Roast Duck Restaurant (Wanhe Building Branch),39.994444,116.367912,,restaurant
Personnel Department Career Building Office Area Restaurant,39.992841,116.427768,,restaurant
Luo Xiaochu Restaurant (Yiling Building Branch),39.893148,116.406727,,restaurant
Ganxiang Courtyard Bamboo Forest Courtyard Restaurant (Guomao Dawanglu Branch),39.900758,116.475998,,restaurant
Yunwei Art Restaurant,39.947648,116.719949,,restaurant
Lanxiangjing Restaurant,39.992459,116.201693,,restaurant
Ganyuan Jiangxi Courtyard Restaurant,39.907675,116.483673,,restaurant
Quanshuiyan Restaurant,40.300809,117.084312,,restaurant
Beilun Restaurant,40.078595,116.229780,,restaurant
Kandan Hong Restaurant,39.843323,116.300269,,restaurant
Baifulou Restaurant,40.238260,116.190910,,restaurant
China Meteorological Administration Community South District Staff Restaurant (Meteorological Bureau Community South District Branch),39.945087,116.328218,,restaurant
Youanmen Subdistrict Dongzhuang Community Elderly Restaurant,39.868996,116.378723,,restaurant
Linjia Inn - Riverside Restaurant,40.648564,117.273002,,restaurant
Pinge Restaurant · Cantonese Cuisine · Jiangxi Cuisine · Hunan Cuisine (Zhongguo Xi Branch),39.858040,116.354519,,restaurant
Xiangjiu Roasted Goose Head (Tuqiao Branch),39.871212,116.696165,,restaurant
Shuangliu Mama Rabbit Head (Shuangjing Branch),39.890496,116.461939,,restaurant
Suzhou Marriott Executive Apartments - Zitan Xuan Restaurant,39.912174,116.525818,,restaurant
Chanzui Mao Skewer Bar · BBQ Bistro (Daxing Airport Branch),39.525582,116.410627,,restaurant
Post Station Restaurant,39.892536,116.262592,,restaurant
Jing · Restaurant PEKING LIANG (Qianmen Branch),39.897387,116.397002,,restaurant
Yuxiangyuan Restaurant (Beiyu Building Branch),39.884955,116.435397,,restaurant
Saizeriya Italian Restaurant (Beitou Xinao Shopping Center Branch),40.001730,116.396090,,restaurant
Penglai Pavilion Chinese Restaurant,39.901513,116.416821,,restaurant
106 Restaurant (Beijing Pan-Asia International Commercial Street Branch),39.939411,116.501213,,restaurant
Jurassic Museum Restaurant,39.867012,116.501120,,restaurant
Beijing Daxing District Integrated Traditional Chinese and Western Medicine Hospital Restaurant,39.771421,116.447855,,restaurant
Pinghe Restaurant Home-style Cooking,39.904489,116.423507,,restaurant
Junle Restaurant,40.116141,116.221840,,restaurant
Jianhua Gourmet Restaurant (Fengyi Business Building Branch),39.856714,116.313297,,restaurant
Yuehu Restaurant,39.892858,116.325366,,restaurant
Yuanyuan (Di'anmen Branch),39.933384,116.384409,,restaurant
Xin Zha Shixiong · New Style Cantonese Cuisine (Chaoyang Joy City Branch),39.924134,116.518604,,restaurant
Xiao Yunnan Restaurant (Nanluoguxiang Branch),39.933624,116.401932,,restaurant
Huishang Xingchen · Restaurant (Haidong No. 1 Residential Community Branch),40.857243,111.764983,,restaurant
Hudemon Style Restaurant (Chezhan West Street West Road Branch),40.827925,111.662475,,restaurant
Shanhetun Iron Pot Stew (Jianguomen Branch),39.906452,116.442370,,restaurant
Xi'an Xianyang International Airport Terminal 2 Airport Staff Restaurant,34.440199,108.760680,,restaurant
Haxi Restaurant,45.708071,126.576427,,restaurant
Kuaijiemei Chinese Gourmet Restaurant,40.153257,116.555294,,restaurant
Qixun Bazhao Hutong Cuisine (Yonghe Temple Branch),39.945578,116.418686,,restaurant
VIP Building Rongshuyuan Restaurant,39.992864,116.406078,,restaurant
Zhonghong Shengyan · Bird's Nest Restaurant (Yayuncun Branch),39.992378,116.395075,,restaurant
Peking University Changchunyuan Restaurant,39.993919,116.303733,,restaurant
Hanglv Home Restaurant,45.628764,126.248463,,restaurant
Fumanyuan (Xinyuan South Road Branch),39.947549,116.451273,,restaurant
Jinyiyuan Music Dining Bar,39.846825,116.376525,,restaurant
Yuxiang Restaurant,40.233338,116.235909,,restaurant
Longxianfu Specialty Restaurant,40.289367,116.236644,,restaurant
Kunning Palace East Courtyard Restaurant,39.921089,116.397327,,restaurant
ZENG Restaurant Theater Branch (Qianmen Branch),39.897474,116.390897,,restaurant
Nanfeng Rui's Restaurant (Yangqiao Xili Community Branch),39.859706,116.379230,,restaurant
Taiyanggong Fuzhong Chinese Restaurant,39.889836,116.402322,,restaurant
Xueju Skiing Theme Restaurant (Yixiang Branch),39.865644,116.419916,,restaurant
Jing B · Dongli Craft Beer Music Restaurant,39.896192,116.394755,,restaurant
Tianlun Songhe Grand Hotel - Buffet Restaurant,39.918132,116.413396,,restaurant
Beiyuan Golf Club Restaurant,40.024975,116.442825,,restaurant
Shaanxi Roujiamo Xiangyue Restaurant (Shenzhen Tong Building Branch),22.608567,114.026255,,restaurant
Tsinghua University Jiasuo Restaurant,40.001088,116.322559,,restaurant
Deshi Building Restaurant,40.045260,116.308040,,restaurant
Inner Mongolia Civil Aviation Airport Group Staff Restaurant,40.856724,111.826663,,restaurant
Wutuli Music Pub (Link Center City Branch),22.536387,114.059591,,restaurant
Yangchen Restaurant,34.275825,108.969375,,restaurant
Shengbaiwei Family Banquet Restaurant (Huoying Branch),40.081335,116.358510,,restaurant
Capital Airport Gangshan Road No. 2 Jia Restaurant,40.052299,116.598435,,restaurant
Yindu Restaurant,39.896276,116.382952,,restaurant
Jinjiang Inn Restaurant,39.898192,116.438538,,restaurant
Dayou Shangpin Community Restaurant (Central Party School Community Business Department),40.014066,116.277948,,restaurant
Beijing Sanli Mingyue Restaurant,39.910039,116.336159,,restaurant
Chui Wah Restaurant (Bao'an Airport Branch 1),22.630102,113.810934,,restaurant
Chahuameizi Yunnan Restaurant (Di'anmen Branch),39.935500,116.396060,,restaurant
Chahuameizi Yunnan Restaurant,39.940723,116.399484,,restaurant
Dingxiangrun,39.947191,116.380111,,restaurant
Jingweijing Restaurant (Changchunli Residential Community Branch),39.893788,116.363135,,restaurant
Menkuang Hutong Century-old Luzhu Main Store,39.896624,116.395911,,restaurant
Tidu (Beijing Fang Branch),39.897546,116.394922,,restaurant
Old Beijing Flavor Restaurant (Beijing West Railway Station Branch),39.893083,116.321938,,restaurant
Huajia Yiyuan (Qinghua West Road Branch),39.999401,116.306592,,restaurant
Liu Ye Menkuang Century-old Luzhu (Dashilan West Street Commercial Branch),39.896964,116.395585,,restaurant
Juqi Roast Duck · Beijing Cuisine (Beijing APM Branch),39.914449,116.411633,,restaurant
Chengdu Sichuan Cuisine Restaurant (Binshui Xincun Branch),40.854646,111.747514,,restaurant
Laodifang Restaurant (Bagong North Road No. 11 Courtyard Branch),39.916955,116.204615,,restaurant
Zhongjian Restaurant (Beijing Happy Valley Branch),39.869084,116.509490,,restaurant
Huayuan Xiaochu · Sichuan Cuisine · Boiled Fish,39.897588,116.353742,,restaurant
106 Restaurant (Shilihe Branch),39.867752,116.462913,,restaurant
Tangyuan Chinese Restaurant (Fuxingmen Branch),39.908020,116.342580,,restaurant
Huashe · Lingnan Yunnan-Guizhou-Sichuan Bistro (Liangma River Branch),39.946761,116.449255,,restaurant
Chui Wah Restaurant,22.630032,113.810970,,restaurant
Bird's Nest Cultural Center Guofeng Family Restaurant,39.992875,116.397025,,restaurant
Zhecha Cha Chaan Teng (Beijing APM Branch),39.914339,116.411941,,restaurant
Chaowei (Beijing Shijingshan District),39.917726,116.205327,,restaurant
Guangying Restaurant (Summer Palace Branch),40.003150,116.277638,,restaurant
70s Red Restaurant (Xiangshan Branch),39.993887,116.205060,,restaurant
Huahuale Jiaodong Seafood · Fisherman's Cuisine · BBQ (Baiziwan Branch),39.899696,116.486353,,restaurant
Wanlongzhou Seafood (Daxing Greenland Binfen City Branch),39.764618,116.334639,,restaurant
Steam Town · Steamed Seafood (Main Store),39.989381,116.476477,,restaurant
Xiaotianfei Seafood Restaurant,39.915396,116.631520,,restaurant
Zhonghua Ma's Restaurant,39.851353,116.309616,,restaurant
Heshun Restaurant,39.708176,116.331427,,restaurant
Halal Xinjiang Cuisine Restaurant (Gulou East Street Branch),39.940633,116.402915,,restaurant
Halal Xilou Wangji Beef Noodles,39.945343,116.419251,,restaurant
Old Ciqikou Douzhi Shop,39.888646,116.412855,,restaurant
Judeyuan Restaurant,39.866051,116.510065,,restaurant
Adaxi Xinjiang Cuisine Restaurant (Baiqiao Branch),39.896053,116.439543,,restaurant
Xunji · Qingnian Road Courtyard · Halal,39.938576,116.516563,,restaurant
Yifeng Restaurant (Gulou Branch),39.943748,116.388507,,restaurant
Xingyanlan Renjia Halal Restaurant (Sanhe Nanli Branch),39.732209,116.326455,,restaurant
Gutong Laoyuan Copper Pot Hot Pot · Halal (Dianmen Branch),39.934360,116.396446,,restaurant
Jingyi Restaurant (Liulichang Culture Street Branch),39.895208,116.389337,,restaurant
Kuxiang · Jiangnan Courtyard Restaurant,39.900777,116.475995,,restaurant
Huixuan Ge Restaurant (Hunan Cuisine),40.071405,116.593500,,restaurant
Xiao Wan Canteen (798 Art Zone Branch),39.986677,116.497942,,restaurant
Xiaoxiang Ge (Sanlitun SOHO Branch),39.933111,116.452867,,restaurant
